{"cameraMode":{"drawMode":0,"name":"Shaded","section":"Shading Mode"},"sceneLighting":false,"audioPlay":false,"sceneViewState":{"showFog":true,"showMaterialUpdate":false,"showSkybox":false,"showFlares":true,"showImageEffects":true,"showParticleSystems":true},"in2DMode":false,"pivot":{"x":-3.930000066757202,"y":11.5,"z":-79.0199966430664},"rotation":{"x":-0.0005814665928483009,"y":-0.2580471336841583,"z":-0.0001552818575873971,"w":0.9661345481872559},"size":7.881868839263916,"orthographic":false}