{"cameraMode":{"drawMode":0,"name":"Shaded","section":"Shading Mode"},"sceneLighting":false,"audioPlay":false,"sceneViewState":{"showFog":true,"showMaterialUpdate":false,"showSkybox":true,"showFlares":true,"showImageEffects":true,"showParticleSystems":true},"in2DMode":false,"pivot":{"x":213.33001708984376,"y":578.9000244140625,"z":0.0},"rotation":{"x":0.1615229994058609,"y":0.08868952095508576,"z":-0.014576593413949013,"w":0.9827725887298584},"size":565.0178833007813,"orthographic":false}