{"cameraMode":{"drawMode":0,"name":"Shaded","section":"Shading Mode"},"sceneLighting":false,"audioPlay":false,"sceneViewState":{"showFog":true,"showMaterialUpdate":false,"showSkybox":false,"showFlares":true,"showImageEffects":true,"showParticleSystems":true},"in2DMode":false,"pivot":{"x":11.992362976074219,"y":0.8659253120422363,"z":65.16282653808594},"rotation":{"x":0.04136950150132179,"y":-0.028471844270825387,"z":0.001180519931949675,"w":0.9987398982048035},"size":18.321226119995118,"orthographic":false}